﻿Designator,Footprint,Quantity,Value,LCSC Part #
"C1, C2, C3, C6",0805,4,100n,
"C4, C9",0805,2,22u,
"C5, C7",1210,2,10u,
C8,0805,1,3.3n,
J1,JST_XH_B5B-XH-A_1x05_P2.50mm_Vertical,1,Conn_01x05,
J2,"TerminalBlock_Phoenix_MKDS-1,5-2-5.08_1x02_P5.08mm_Horizontal",1,Power in,
"J3, J4","TerminalBlock_Phoenix_MKDS-1,5-2-5.08_1x02_P5.08mm_Horizontal",2,LED Power,
J5,USB_C_Receptacle_GCT_USB4105-xx-A_16P_TopMnt_Horizontal,1,USB_C_Receptacle_USB2.0_16P,C2765186
J6,JST_XH_B3B-XH-A_1x03_P2.50mm_Vertical,1,Conn_01x03,
J9,PinHeader_1x14_P2.54mm_Vertical,1,Conn_01x14,
L1,L_APV_ANR4026,1,1/2.2u,
"Q1, Q2, Q3, Q4",TO-220-3_Vertical,4,IRLZ44N,C42370423
"R1, R2, R3, R4, R8",0805,5,100k,C3017875
"R5, R6, R7",0805,3,10k,C2930231
R9,0805,1,100,C2907294
SW1,SHOU HAN TS342A2P-WZ,1,BOOT,C557591
SW2,SHOU HAN TS342A2P-WZ,1,ENABLE,C557591
U1,VQFN-16-1EP_3x3mm_P0.5mm_EP1.68x1.68mm_ThermalVias,1,TPS62132,C81563
U2,ESP32-S3-WROOM-2,1,ESP32-S3-WROOM-2,C2913198
