﻿Designator,Footprint,Quantity,Value,LCSC Part #
"C1, C2, C3, C6, C7",0805,5,100n,C5137467
"C10, C11, C12, C4, C5, C8, C9",0805,7,10u,C33546007
D1,0603,1,LED,C7496818
J1,PinHeader_1x02_P2.54mm_Vertical,1,UART,
J2,"TerminalBlock_Phoenix_MKDS-1,5-3-5.08_1x03_P5.08mm_Horizontal",1,VDD,
J3,"TerminalBlock_Phoenix_MKDS-1,5-3-5.08_1x03_P5.08mm_Horizontal",1,GND,
J4,JST_XH_B5B-XH-A_1x05_P2.50mm_Vertical,1,Conn_01x05,
J5,JST_XH_B3B-XH-A_1x03_P2.50mm_Vertical,1,Conn_01x03,
J6,USB_C_Receptacle_GCT_USB4105-xx-A_16P_TopMnt_Horizontal,1,USB_C_Receptacle_USB2.0_16P,C2765186
J7,PinHeader_1x14_P2.54mm_Vertical,1,Conn_01x14,
J8,PinHeader_1x04_P2.54mm_Vertical,1,JTAG,
L1,L_APV_ANR4026,1,15u,
"Q1, Q2, Q3, Q4",TO-220-3_Vertical,4,IRLZ44N,C42370423
"R1, R10, R2, R3, R4",0805,5,100k,C3017875
R11,0805,1,1.8k,C3017875
R12,0805,1,20k,C3017875
"R5, R6, R9",0805,3,10k,C2930231
"R7, R8",0805,2,100,C2907294
SW1,SHOU HAN TS342A2P-WZ,1,BOOT,C557591
SW2,SHOU HAN TS342A2P-WZ,1,EN,C557591
U1,SOT-23-6,1,TPS54202DDC,
U2,ESP32-S3-WROOM-2,1,ESP32-S3-WROOM-2,C2913198
