﻿Designator,Footprint,Quantity,Value,LCSC Part #
"C1_4, C1_3, C1_2, C1, C2_4, C2_3, C2_2, C2, C3_4, C3_3, C3_2, C3, C6_4, C6_3, C6_2, C6, C7_4, C7_3, C7_2, C7",0805,20,100n,C5137467
"C10_4, C10_3, C10_2, C10, C11_4, C11_3, C11_2, C11, C12_4, C12_3, C12_2, C12, C4_4, C4_3, C4_2, C4, C5_4, C5_3, C5_2, C5, C8_4, C8_3, C8_2, C8, C9_4, C9_3, C9_2, C9",0805,28,10u,C33546007
"D1_4, D1_3, D1_2, D1",0603,4,LED,C7496818
"J1_4, J1_3, J1_2, J1",PinHeader_1x02_P2.54mm_Vertical,4,UART,
"J2_4, J2_3, J2_2, J2","TerminalBlock_Phoenix_MKDS-1,5-3-5.08_1x03_P5.08mm_Horizontal",4,VDD,
"J3_4, J3_3, J3_2, J3","TerminalBlock_Phoenix_MKDS-1,5-3-5.08_1x03_P5.08mm_Horizontal",4,GND,
"J4_4, J4_3, J4_2, J4",JST_XH_B5B-XH-A_1x05_P2.50mm_Vertical,4,Conn_01x05,
"J5_4, J5_3, J5_2, J5",JST_XH_B3B-XH-A_1x03_P2.50mm_Vertical,4,Conn_01x03,
"J6_4, J6_3, J6_2, J6",USB_C_Receptacle_GCT_USB4105-xx-A_16P_TopMnt_Horizontal,4,USB_C_Receptacle_USB2.0_16P,C2765186
"J7_4, J7_3, J7_2, J7",PinHeader_1x14_P2.54mm_Vertical,4,Conn_01x14,
"J8_4, J8_3, J8_2, J8",PinHeader_1x04_P2.54mm_Vertical,4,JTAG,
"L1_4, L1_3, L1_2, L1",L_APV_ANR4026,4,15u,
"Q1_4, Q1_3, Q1_2, Q1, Q2_4, Q2_3, Q2_2, Q2, Q3_4, Q3_3, Q3_2, Q3, Q4_4, Q4_3, Q4_2, Q4",TO-220-3_Vertical,16,IRLZ44N,C42370423
"R1_4, R1_3, R1_2, R1, R10_4, R10_3, R10_2, R10, R2_4, R2_3, R2_2, R2, R3_4, R3_3, R3_2, R3, R4_4, R4_3, R4_2, R4",0805,20,100k,C3017875
"R11_4, R11_3, R11_2, R11",0805,4,1.8k,C3017875
"R12_4, R12_3, R12_2, R12",0805,4,20k,C3017875
"R5_4, R5_3, R5_2, R5, R6_4, R6_3, R6_2, R6, R9_4, R9_3, R9_2, R9",0805,12,10k,C2930231
"R7_4, R7_3, R7_2, R7, R8_4, R8_3, R8_2, R8",0805,8,100,C2907294
"SW1_4, SW1_3, SW1_2, SW1",SHOU HAN TS342A2P-WZ,4,BOOT,C557591
"SW2_4, SW2_3, SW2_2, SW2",SHOU HAN TS342A2P-WZ,4,EN,C557591
"U1_4, U1_3, U1_2, U1",SOT-23-6,4,TPS54202DDC,
"U2_4, U2_3, U2_2, U2",ESP32-S3-WROOM-2,4,ESP32-S3-WROOM-2,C2913198
